Market Title,Outcome,Side,Size,Price,Condition ID,Timestamp,Transaction Hash,Event Slug
"Bitcoin Up or Down - May 4, 9:25AM-9:30AM ET",Down,BUY,7.49,0.4,0xbf9a1d7526e0b82905569fc5428b1543d53397954f5b971dcea1da43a1031e15,2026-05-04 16:30:00,0xc9cd1e4ff2ca2957ba678f411919d53c1fee942a62a86e27e7d735523314094e,btc-updown-5m-1777901100
"Bitcoin Up or Down - May 4, 9:25AM-9:30AM ET",Down,BUY,40.77,0.2261319597743439,0xbf9a1d7526e0b82905569fc5428b1543d53397954f5b971dcea1da43a1031e15,2026-05-04 16:30:00,0xa6dcd467b83d40bcc1639006960a39f5541779bd2ea241efa1f0204fafc6243c,btc-updown-5m-1777901100
"Bitcoin Up or Down - May 3, 4:20PM-4:25PM ET",Up,BUY,3.46,0.26,0xf5d51e6bc5d1fd83b5f48eaa3da83654028e6515bd29eae169bf923d20cad017,2026-05-03 23:24:58,0xd4301b663efc256f84024e933d9fe97f15f4c1590265340df43428ab49581236,btc-updown-5m-1777839600
"Bitcoin Up or Down - May 3, 8:20AM-8:25AM ET",Down,BUY,7.24,0.24,0xbedcdf1f358a39fbf20d8538175d0e2a840b449ef3dfac6e279033f19960bb4f,2026-05-03 15:25:00,0x501343ede3f5a9a8e8c22a9ae2706819b21e3ddc564809219bd4a4e64bc213a2,btc-updown-5m-1777810800
"Ethereum Up or Down - May 3, 3:55AM-4:00AM ET",Up,BUY,4.6,0.15,0x70a5361098af762a106a7bc9cb5a6b9c9fcdde61361fad8db0dd8f656347cbb4,2026-05-03 11:00:00,0x433c5d4f0fc7163193a84205c82a311192bce9b36829d86679d1f880b298bcd3,eth-updown-5m-1777794900
"Bitcoin Up or Down - May 2, 10:50AM-10:55AM ET",Up,BUY,41.66,0.4,0x49930501c5b91ffe8b6562db681b6edc351b10fdcb605b45eca55470dc03eb44,2026-05-02 17:55:16,0x575c51842c758f4b3fbe39176845dffd7e3720aa891b673a70893f825c3e52fb,btc-updown-5m-1777733400
"Bitcoin Up or Down - May 2, 10:45AM-10:50AM ET",Up,BUY,50,0.01,0xd49dc7dd14e46134d2952e2b880e25b7794ad47c09f71119f8a1fdd6608a1002,2026-05-02 17:50:20,0xb59445669888202826bd2a7009e279294b178ce36c5732f64c8bfa6f56cb2eb7,btc-updown-5m-1777733100
"Bitcoin Up or Down - May 2, 10:45AM-10:50AM ET",Up,BUY,133,0.01,0xd49dc7dd14e46134d2952e2b880e25b7794ad47c09f71119f8a1fdd6608a1002,2026-05-02 17:50:18,0x8e3568e8deaa1ffba0088934e82cd0a833f9e2fef24f9ac9eade63304ad8c45f,btc-updown-5m-1777733100
"Ethereum Up or Down - May 2, 6:45AM-6:50AM ET",Down,BUY,14,0.31,0x0bd8d3c5f42ce874f3bab3d25ca2ed344c3083cc907c5b2eafcfa72d798822ef,2026-05-02 13:50:12,0x03d5aefea16de99119810be2c811d42ebc971f6315adfe81836a7fa7ac2bf362,eth-updown-5m-1777718700
"Bitcoin Up or Down - May 2, 6:40AM-6:45AM ET",Up,BUY,26.46,0.28,0xd6f685f49f482c9af774fe73f7beb074410927cef437f6aeb451c9f8d8730daf,2026-05-02 13:45:24,0xf02a3e3642e89488d460ae2175c55876ed4c3cb52dba6adf18cf755578b6d6d7,btc-updown-5m-1777718400
"Bitcoin Up or Down - May 2, 6:00AM-6:15AM ET",Up,BUY,28,0.26,0x39c333527adab4554470b0130aa8885ee7b13c31fd2313823993c643874f92f0,2026-05-02 13:15:16,0x5afce587ea59a32472a0be9a6713d399314b96128f24e18ecf0cc7f5879370c9,btc-updown-15m-1777716000
"Bitcoin Up or Down - May 2, 6:00AM-6:15AM ET",Up,BUY,76,0.26,0x39c333527adab4554470b0130aa8885ee7b13c31fd2313823993c643874f92f0,2026-05-02 13:15:16,0x030fb2ffea20915fe1af61550e224124e42166d619807e328b3bffbf6a01257d,btc-updown-15m-1777716000
"Bitcoin Up or Down - May 2, 5:50AM-5:55AM ET",Down,BUY,28,0.33714285714285713,0xb2f3b806422caaf9867af5b327a0f2c6cbf2af818bda83b2b83f1cce60c25d49,2026-05-02 12:55:14,0x848f4eab15a6edcc99acbca4ea630bd846d8c9c61f428f5c0847847b55da6006,btc-updown-5m-1777715400
"Bitcoin Up or Down - May 2, 3:10AM-3:15AM ET",Down,BUY,28,0.23,0xa90c4c3d199a51b08495e1f933ad0913d489d40ed0642c1bbcde32b3c0418961,2026-05-02 10:15:00,0xa6b0d36efcc07588ee0225cb574597adbe15cf0e1f47f709412f03adbb3045a1,btc-updown-5m-1777705800
"Bitcoin Up or Down - May 2, 3:10AM-3:15AM ET",Down,BUY,76,0.2293421052631579,0xa90c4c3d199a51b08495e1f933ad0913d489d40ed0642c1bbcde32b3c0418961,2026-05-02 10:15:00,0xa87b49aa0eb478f480cebcfb84ec9b2b67905b4cac0ec0dd138ebebd622269f0,btc-updown-5m-1777705800
"Bitcoin Up or Down - May 2, 3:10AM-3:15AM ET",Down,BUY,28,0.23,0xa90c4c3d199a51b08495e1f933ad0913d489d40ed0642c1bbcde32b3c0418961,2026-05-02 10:14:58,0x9ed4c46766a67cf099a3a1bb4ae8af0c459804e14cdc476ff572becda83ac99b,btc-updown-5m-1777705800
"Bitcoin Up or Down - May 2, 3:10AM-3:15AM ET",Down,BUY,76,0.23,0xa90c4c3d199a51b08495e1f933ad0913d489d40ed0642c1bbcde32b3c0418961,2026-05-02 10:14:58,0x9185fab8a9be1e7a32795113555298b41d66488bf31e9ecec9981a140fc8f9ca,btc-updown-5m-1777705800
"Bitcoin Up or Down - May 2, 2:15AM-2:20AM ET",Up,BUY,28,0.1,0xacfda23132bef7f4267edf687cddeef7a24ce92427fc77952594a7b250b770d1,2026-05-02 09:20:02,0xc9fd57485c1debf996d35a0e20d222e2d04622ea50bfcfd03e73026066236aae,btc-updown-5m-1777702500
"Bitcoin Up or Down - May 2, 1:15AM-1:20AM ET",Up,BUY,28,0.3,0x60057fa4514fce61900afead18700b4bfa7a823924586e5e683b1c96c2022c9b,2026-05-02 08:20:20,0x7820a52707be1a2542036943bccb409f345b018036d39d0ef2212b51866694df,btc-updown-5m-1777698900
"Bitcoin Up or Down - May 2, 1:15AM-1:20AM ET",Up,BUY,76,0.3,0x60057fa4514fce61900afead18700b4bfa7a823924586e5e683b1c96c2022c9b,2026-05-02 08:20:08,0x23fe9d9beae8a3d26a7ca42b4e38af6ec7d64e3e1c76087cae2f98c917c87fe3,btc-updown-5m-1777698900
"Ethereum Up or Down - May 2, 12:15AM-12:20AM ET",Down,BUY,15,0.01,0x6df4e4d21428b2ce292bc5717c7f5b46c16ce5597357baa2b5195fa03c42ef81,2026-05-02 07:20:02,0x644332ae1841b5d1dcd62e912263002c947b819b1873366ff4921658a452025b,eth-updown-5m-1777695300
"Bitcoin Up or Down - May 1, 9:55PM-10:00PM ET",Down,BUY,28,0.3,0xaf98bd21d511deac4e205405247caca524e5bdd6762fb7f875e076b131969e13,2026-05-02 05:00:12,0xeafd96633cacd6f5fafd0c771b5ebd3010d6ccb1424eda5bc4f2c55b43841c64,btc-updown-5m-1777686900
"Bitcoin Up or Down - May 1, 9:55PM-10:00PM ET",Down,BUY,76,0.3,0xaf98bd21d511deac4e205405247caca524e5bdd6762fb7f875e076b131969e13,2026-05-02 05:00:10,0xbc4b043b4ef05daf4d7b9010acaf2c461440693626ce833cb21d76e942d3d6a4,btc-updown-5m-1777686900
"Ethereum Up or Down - May 1, 9:45PM-9:50PM ET",Down,BUY,14,0.3851428571428571,0xed80eea324ef0807f0979b30dbdb793a01129da446259010ac36c93fbf33a1ca,2026-05-02 04:50:02,0x11883a808b33f6e2178e695a73fb6193460c8e43013a4749766e0b815f2a4a2f,eth-updown-5m-1777686300
"Bitcoin Up or Down - May 1, 8:15PM-8:20PM ET",Down,BUY,5,0.32,0x92d83651f27d3f30db6ac94b7d923ee574f284418114a18d862bc1ffe2c880a4,2026-05-02 03:20:10,0xc1220865117af0290f1af7a95fee2070e6ed7bb748d28e02cd816ba0cc3b7ebe,btc-updown-5m-1777680900
"Bitcoin Up or Down - May 1, 7:50PM-7:55PM ET",Up,BUY,115,0.16,0x6f82ae69f11d0b9c198d8f134d88e3bafeafc02e5c8074a5d4ae391d2321eebb,2026-05-02 02:55:22,0x55dd578d2477ae3904e3ef373637a78ed0746596a66d139edb9b7ef438183cbc,btc-updown-5m-1777679400
"Bitcoin Up or Down - May 1, 7:50PM-7:55PM ET",Up,BUY,171,0.01,0x6f82ae69f11d0b9c198d8f134d88e3bafeafc02e5c8074a5d4ae391d2321eebb,2026-05-02 02:55:06,0x933a5985695981e430b3a04909c43be2e40eae2284b2804c172ae506eafaf949,btc-updown-5m-1777679400
"Bitcoin Up or Down - May 1, 7:50PM-7:55PM ET",Up,BUY,76,0.01,0x6f82ae69f11d0b9c198d8f134d88e3bafeafc02e5c8074a5d4ae391d2321eebb,2026-05-02 02:55:04,0x9b2a451a8231bac6bddaf281d5330d17691076e45c5c81c27bf38bbcb14918eb,btc-updown-5m-1777679400
"Bitcoin Up or Down - May 1, 7:50PM-7:55PM ET",Up,BUY,28,0.01,0x6f82ae69f11d0b9c198d8f134d88e3bafeafc02e5c8074a5d4ae391d2321eebb,2026-05-02 02:55:04,0x2150e3733b59c30abb727d857b49f2fd96b651051b66019fc8fc6ab27c307178,btc-updown-5m-1777679400
"Bitcoin Up or Down - May 1, 7:10PM-7:15PM ET",Up,BUY,76,0.03,0x3da368b822019b302feb590f53a234633a1d658dd809774dc90148cf52c565fc,2026-05-02 02:15:18,0x9bf94fd8e9ff1ba7183883f90f94584dcb96f0cbf6a022fd7521808f1b27f572,btc-updown-5m-1777677000
"Bitcoin Up or Down - May 1, 7:10PM-7:15PM ET",Up,BUY,28,0.03,0x3da368b822019b302feb590f53a234633a1d658dd809774dc90148cf52c565fc,2026-05-02 02:15:18,0xe92cb8f609471b2842b365c3b60e5cec8e8b3f4a17d78386dc8c927f30f24d90,btc-updown-5m-1777677000
"Bitcoin Up or Down - May 1, 7:10PM-7:15PM ET",Up,BUY,171,0.03,0x3da368b822019b302feb590f53a234633a1d658dd809774dc90148cf52c565fc,2026-05-02 02:15:08,0xa91377d986e29c305abf50dd5f61f708107074ca22e5141361c1a28504d7bca8,btc-updown-5m-1777677000
"Ethereum Up or Down - May 1, 5:50PM-5:55PM ET",Down,BUY,229,0.03,0x18ec2b46abd97cea2433a9ae8d73f9f93196c62d280fbf99a174151d1499a1cc,2026-05-02 00:55:12,0x5feac8699bd01a236c5bc6761cce7a6852ff2dac75ac7ab36151d86107e235f1,eth-updown-5m-1777672200
"Ethereum Up or Down - May 1, 5:50PM-5:55PM ET",Down,BUY,14,0.03,0x18ec2b46abd97cea2433a9ae8d73f9f93196c62d280fbf99a174151d1499a1cc,2026-05-02 00:55:12,0x126f6d2b0f0d415171ec03a072207ebdc779f3807c8d7a18afdf2b2877c4dea3,eth-updown-5m-1777672200
"Ethereum Up or Down - May 1, 5:50PM-5:55PM ET",Down,BUY,38,0.03,0x18ec2b46abd97cea2433a9ae8d73f9f93196c62d280fbf99a174151d1499a1cc,2026-05-02 00:55:12,0xbe405e3f1bfd7eef626c0eecce1dfab35207070f5fc6a35515c38cbdecfa5045,eth-updown-5m-1777672200
"Ethereum Up or Down - May 1, 5:50PM-5:55PM ET",Down,BUY,85,0.03,0x18ec2b46abd97cea2433a9ae8d73f9f93196c62d280fbf99a174151d1499a1cc,2026-05-02 00:55:10,0x9b5b18eb6cb1414f2d2ae1b350eaf4babdc806456f3bb2e545fd12bc2671da28,eth-updown-5m-1777672200
"Bitcoin Up or Down - May 1, 8:00AM-8:05AM ET",Up,BUY,72,0.29,0x1bcf16d2ccaa077033a20d2b9d28ceed4b30bec1633cc764234cbccfc904e3d8,2026-05-01 15:05:10,0xf83ebda0ef4b4704f5dc72719159e12de6064052790d68f215a50758014872b7,btc-updown-5m-1777636800
"Bitcoin Up or Down - May 1, 8:00AM-8:05AM ET",Up,BUY,90,0.29,0x1bcf16d2ccaa077033a20d2b9d28ceed4b30bec1633cc764234cbccfc904e3d8,2026-05-01 15:05:10,0xfcd095b3fc77665b82bf0a0fb07d2391b259cee69f0ac7612b4694a51a065291,btc-updown-5m-1777636800
"Bitcoin Up or Down - May 1, 4:40AM-4:45AM ET",Down,BUY,6.87,0.3491120815138282,0xb5740cd45d3e758aecc52efb950ecf9123a9b5959688d63e5ea8610ad3a29ee1,2026-05-01 11:45:24,0x17d0c0e9e995498e8ce89ecb7d502d353b21f6d2ea35e8f58b0090ab4d1cf378,btc-updown-5m-1777624800
"Bitcoin Up or Down - May 1, 3:30AM-3:45AM ET",Up,BUY,223,0.01,0x528512d995f893228598b6fd9809cc09e10500651912143814e81d8d92e7e58e,2026-05-01 10:45:12,0x23e2fb7e40ccebb3a0790e28b0e803d61598674b9254afedcc12fcd11f6ab08a,btc-updown-15m-1777620600
"Bitcoin Up or Down - May 1, 3:30AM-3:45AM ET",Up,BUY,179,0.01,0x528512d995f893228598b6fd9809cc09e10500651912143814e81d8d92e7e58e,2026-05-01 10:45:12,0x7bb1cd53caaffa5d15feb9d076b04e3ffafa78e94567573aefb8f66a8525398b,btc-updown-15m-1777620600
"Bitcoin Up or Down - May 1, 3:30AM-3:45AM ET",Up,BUY,298,0.01,0x528512d995f893228598b6fd9809cc09e10500651912143814e81d8d92e7e58e,2026-05-01 10:45:12,0xf8a371c258b93a35c76244afd54fb759755172986c7fa880b9da509323015ae6,btc-updown-15m-1777620600
"Bitcoin Up or Down - May 1, 3:10AM-3:15AM ET",Down,BUY,22.85,0.24,0xed1b24d1084e9ea6b19839566d8797647a8b77e929135348ffdbead638ef7196,2026-05-01 10:15:12,0x26029b03b1b303dd53e463af3c7ada2be7e9e564e3dc4bc25c58e66397eeb224,btc-updown-5m-1777619400
"Bitcoin Up or Down - April 30, 6:15PM-6:20PM ET",Up,BUY,145,0.47,0x6bd136a448af1d9de73769ca82fe2cf591c68479c831c8c5a206169722b343ce,2026-05-01 01:20:02,0x091f8526c2b934dcc602a6b91f72b47a9a1ed08a04af5db5f18bd70bb3a9181e,btc-updown-5m-1777587300
"Bitcoin Up or Down - April 30, 5:55PM-6:00PM ET",Up,BUY,90,0.19,0xe84ad8053153687d405cf84df154af9e400178b22c6d5ac1a5e8bf61ed948215,2026-05-01 01:00:14,0x36f5747ef81f03cf75d81d988426cee7af47351708397b6eedf7115f875db266,btc-updown-5m-1777586100
"Bitcoin Up or Down - April 30, 5:55PM-6:00PM ET",Up,BUY,67,0.3,0xe84ad8053153687d405cf84df154af9e400178b22c6d5ac1a5e8bf61ed948215,2026-05-01 01:00:14,0x9a099d9daca62c3966e4b2458113bd135baa23deb0fa18c1f56dcc12de71aef9,btc-updown-5m-1777586100
"Bitcoin Up or Down - April 30, 5:55PM-6:00PM ET",Up,BUY,54,0.19,0xe84ad8053153687d405cf84df154af9e400178b22c6d5ac1a5e8bf61ed948215,2026-05-01 01:00:10,0x138480ba5b78ed0b210911843475b5b3982ae167efe58474d35d7c230f72602f,btc-updown-5m-1777586100
"Bitcoin Up or Down - April 30, 1:35PM-1:40PM ET",Up,BUY,55,0.4846581818181818,0x22669a01b9e3c72b66fda36931c67d44436d49ba6074c13f209c0f33cc1f21f6,2026-04-30 20:40:10,0x8a3061893a377fcadcebf1d66ea3354e5cdcaa3f0b2eec7c6f0573a277bbfb4a,btc-updown-5m-1777570500
"Bitcoin Up or Down - April 30, 1:25PM-1:30PM ET",Down,BUY,116,0.49224137931034484,0xa0b75a811e300d82ea2dc3ebf54cafcd263071565103e5c3e9c199decd1ef67e,2026-04-30 20:30:26,0x7353b9c98cd33542b89fe96281c5e9ba5ddba104243314ee51f19ec6073d86ea,btc-updown-5m-1777569900
"Bitcoin Up or Down - April 30, 1:25PM-1:30PM ET",Down,BUY,58,0.5,0xa0b75a811e300d82ea2dc3ebf54cafcd263071565103e5c3e9c199decd1ef67e,2026-04-30 20:30:12,0x1532892c0d0c155d1034a7d709ff4b587b9fafed64c291fc3412a0ff89e9fca8,btc-updown-5m-1777569900
"Bitcoin Up or Down - April 30, 1:00PM-1:15PM ET",Down,BUY,27.54,0.3,0xd79f4bfbfcf32701047806580112f4e8d42ea9845ec4f83a64f9691b68ec10ec,2026-04-30 20:15:18,0x765dceb1fb2434bbce4c20aa6816fd633b19a2629f3fc9a3e09552d24814b244,btc-updown-15m-1777568400
"Bitcoin Up or Down - April 30, 1:00PM-1:05PM ET",Down,BUY,117,0.5,0x5296a81d1668d4945a678d36b5430803f22d3d6dc108e2c2a498f95cd470bfaa,2026-04-30 20:05:12,0xa1a6090514d2f1a35be7249388dab29d021f7037b8223115a933450fbb4f1049,btc-updown-5m-1777568400
"Bitcoin Up or Down - April 30, 1:00PM-1:05PM ET",Down,BUY,58,0.3,0x5296a81d1668d4945a678d36b5430803f22d3d6dc108e2c2a498f95cd470bfaa,2026-04-30 20:05:10,0x88da8cfe4a322a637ffa46b4c4b28c7688935c87e3076c27cbc4186aaa27ecc4,btc-updown-5m-1777568400
"Bitcoin Up or Down - April 30, 1:00PM-1:05PM ET",Down,BUY,73,0.3,0x5296a81d1668d4945a678d36b5430803f22d3d6dc108e2c2a498f95cd470bfaa,2026-04-30 20:05:10,0x6c9db7e6bfe480fe25cfc29a200cc3e8de7bd49897b8275640ed8675a5561908,btc-updown-5m-1777568400
"Bitcoin Up or Down - April 30, 1:00PM-1:05PM ET",Down,BUY,58,0.4939655172413793,0x5296a81d1668d4945a678d36b5430803f22d3d6dc108e2c2a498f95cd470bfaa,2026-04-30 20:05:10,0x59a4f28ae07596d65de76fc6978746e6bf4c0ded91a38724443479cbec6816f2,btc-updown-5m-1777568400
"Bitcoin Up or Down - April 30, 1:00PM-1:05PM ET",Down,BUY,98,0.3,0x5296a81d1668d4945a678d36b5430803f22d3d6dc108e2c2a498f95cd470bfaa,2026-04-30 20:05:10,0xce417b237726e87091406f49c6db891983ba83efc6e986a144b2737d2e210c72,btc-updown-5m-1777568400
"Bitcoin Up or Down - April 30, 11:40AM-11:45AM ET",Up,BUY,108,0.3,0x5278c24f4593f64757899b0f8ed9b4f26c8b3cc004879ef8091d43fda4f62a02,2026-04-30 18:45:30,0xe156dc40f1b1021dd4f9ec898c67b90096bf243d27b9fcc4cd3fcf4835bae745,btc-updown-5m-1777563600
"Bitcoin Up or Down - April 30, 11:40AM-11:45AM ET",Up,BUY,180,0.3,0x5278c24f4593f64757899b0f8ed9b4f26c8b3cc004879ef8091d43fda4f62a02,2026-04-30 18:45:30,0x01e9719b579a2883f18f69826315a20e6d06b35ab3397f34477c04bea8d92d65,btc-updown-5m-1777563600
"Bitcoin Up or Down - April 30, 11:40AM-11:45AM ET",Up,BUY,135,0.3,0x5278c24f4593f64757899b0f8ed9b4f26c8b3cc004879ef8091d43fda4f62a02,2026-04-30 18:45:30,0xecc1057e6366934f60698a231c316a56bc790f6830dd734af9bf4e72003be8c7,btc-updown-5m-1777563600
"Bitcoin Up or Down - April 30, 6:35AM-6:40AM ET",Up,BUY,13.43,0.3013179448994788,0x0225ea892b4dcd32718989aba8db8d62b4a3b6256ba52369b19cbb2ad23eec6b,2026-04-30 13:40:04,0x72b044cf7b1cd2a8c070d81e7d6e9627dcc7d1564677dabdc794fb0c8633a27d,btc-updown-5m-1777545300
"Bitcoin Up or Down - April 30, 3:15AM-3:20AM ET",Up,BUY,47,0.33,0xe360ccba6eb0cba18a507f893a9f7eacb8f84dc0630b1abfc2dbe96aa171ed42,2026-04-30 10:19:58,0x5ceed99f9a24ca5760c364037508165d90ce0b146b7cfe40c43c354fc1ab8d1b,btc-updown-5m-1777533300
"Bitcoin Up or Down - April 30, 3:15AM-3:20AM ET",Up,BUY,37,0.3244594594594595,0xe360ccba6eb0cba18a507f893a9f7eacb8f84dc0630b1abfc2dbe96aa171ed42,2026-04-30 10:19:58,0xd4971500df84d96107f31d371e20848d020f48bdc03f80d2cf499f10173f2dee,btc-updown-5m-1777533300
"Bitcoin Up or Down - April 29, 7:50PM-7:55PM ET",Up,BUY,22,0.26,0x5618d7d5ab0bf17074deb047ba5aa1b7b8e9cd8e4b5ef62e55b517dc791622a5,2026-04-30 02:55:06,0xeb908604952fa74176c31fa2801a069b48461ed6017b16b4b8a52a8e4e5621ec,btc-updown-5m-1777506600
"Bitcoin Up or Down - April 29, 7:10PM-7:15PM ET",Up,BUY,17,0.29,0xadbd87644ef62296111b15326c12cf6a46ec70b542e8b968592d27d989559f96,2026-04-30 02:15:12,0x4d6869ba4f49f67ce2c2b2fabd311811febdd4856d69a46f879202b479c59f09,btc-updown-5m-1777504200
"Bitcoin Up or Down - April 29, 7:05PM-7:10PM ET",Up,BUY,7.66,0.3,0x5ff8d8aacaf5ce1305488dbb26963ce276dce935a20beb244ed08312a0b5098f,2026-04-30 02:10:10,0xef332ff568bec12ae05c3069df2b234795a3d5736ce48353634b922b83b09ecc,btc-updown-5m-1777503900
"Bitcoin Up or Down - April 29, 5:40PM-5:45PM ET",Up,BUY,15,0.47,0xa05617704c6c248cfa03f846a34bd5fe98b9518e1b12e17cb5cb6403bf109f66,2026-04-30 00:45:10,0x3504aeb01c8c68bfc2d1da276252da5c2330a2fe67cab4a65488040af8bf544f,btc-updown-5m-1777498800
"Bitcoin Up or Down - April 29, 5:40PM-5:45PM ET",Up,BUY,15,0.49,0xa05617704c6c248cfa03f846a34bd5fe98b9518e1b12e17cb5cb6403bf109f66,2026-04-30 00:45:08,0x922846fa7f88923ec5a8524f5ee01496e121cd6e4efde0e5fe6b9601791993b0,btc-updown-5m-1777498800
"Bitcoin Up or Down - April 29, 5:00PM-5:05PM ET",Up,BUY,16,0.42,0xadf20b53fe363b05753b937d1b0f4423792efb805246ad32654dec407e6d282e,2026-04-30 00:05:12,0x5480f9f2b3497d09bea09c485ff397238a1061428b9ea7159a633857bc753770,btc-updown-5m-1777496400
"Bitcoin Up or Down - April 29, 10:20AM-10:25AM ET",Up,BUY,5,0.35,0x172d0185f4d4f04fb3d039fcd09542f44bd6d12e9a91715ec5880a0f2645c061,2026-04-29 17:25:12,0xb2d22f9e4426d15a919d16912e321450bad1fd9b1b4db6901c4e171f1c540539,btc-updown-5m-1777472400
"Bitcoin Up or Down - April 29, 9:00AM-9:05AM ET",Up,BUY,9,0.5,0x1a977b34ef4bd4add03ad7ef4e05921b80ddec54760f45d75f0bcc3eaea76d21,2026-04-29 16:05:06,0xb22c2b75441777f39347b68f7ca4bd8b347cace4f87903756c176525b298d899,btc-updown-5m-1777467600
"Bitcoin Up or Down - April 29, 2:45AM-3:00AM ET",Up,BUY,3,0.59,0xda96af6ba31ed1f90f5081f00fdd233b77b54ecfea22d1b72fa9cb013bd4823d,2026-04-29 09:59:58,0x94b8e1024205f017fd2003f66509ebf91aa238cad7584147d3147a3fa7fd291d,btc-updown-15m-1777445100
"Bitcoin Up or Down - April 28, 10:50PM-10:55PM ET",Up,BUY,3,0.5,0x9fcf453e73ff08ab5c63ac8eb2aef19dc865197ff01e2c1f1d470762839ba47e,2026-04-29 05:55:10,0x0f81b154dca192367ce6d6ae45f4c1434c0d7bfd81d414241e7a820acbeb6bf0,btc-updown-5m-1777431000
"Bitcoin Up or Down - April 28, 10:50PM-10:55PM ET",Up,BUY,2.86,0.29,0x9fcf453e73ff08ab5c63ac8eb2aef19dc865197ff01e2c1f1d470762839ba47e,2026-04-29 05:55:10,0xbadf24961862c70bce3f3bada6b784a51a02962d0189a8d04dd07b7a1641d4f0,btc-updown-5m-1777431000
"Bitcoin Up or Down - April 28, 10:15PM-10:20PM ET",Down,BUY,3,0.01,0x228ec8d812f16ed14478014d9a344e61c25c48b310a72b5d1347a13125f908ac,2026-04-29 05:20:10,0x1a56c9f1feefc61965ef3c813d15bdd4bc871c7ba3e44d174a267c53f40b9eb7,btc-updown-5m-1777428900
"Bitcoin Up or Down - April 28, 10:15PM-10:20PM ET",Down,BUY,4,0.48,0x228ec8d812f16ed14478014d9a344e61c25c48b310a72b5d1347a13125f908ac,2026-04-29 05:20:08,0xd0cd1211c0f2da2a7603c05b8a395786c3f7f675a553a83486f4c08a1fea9f79,btc-updown-5m-1777428900
"Bitcoin Up or Down - April 28, 8:10PM-8:15PM ET",Down,BUY,3,0.58,0x155f7f3a93a48d32e378cf637e72ae7e723c3d9b3e1c0feca953d4b14cd08efe,2026-04-29 03:15:04,0x343edc0e7eee5dd021cb016c7e305cf171a55006925065e49ceacb4ff0f93d45,btc-updown-5m-1777421400
